{
    "parent": "minecraft:recipes/root",
    "criteria": {
        "has_green_carpet": {
            "conditions": {
                "items": [
                    {
                        "items": [
                            "minecraft:green_carpet"
                        ]
                    }
                ]
            },
            "trigger": "minecraft:inventory_changed"
        },
        "has_the_recipe": {
            "conditions": {
                "recipe": "opie:crafting_shapeless/green_wool_from_green_carpet"
            },
            "trigger": "minecraft:recipe_unlocked"
        }
    },
    "requirements": [
        [
            "has_green_carpet",
            "has_the_recipe"
        ]
    ],
    "rewards": {
        "recipes": [
            "opie:crafting_shapeless/green_wool_from_green_carpet"
        ]
    }
}
