{
  "parent": "minecraft:recipes/root",
  "criteria": {
    "has_light_gray_carpet": {
      "conditions": {
        "items": [
          {
            "items": [
              "minecraft:light_gray_carpet"
            ]
          }
        ]
      },
      "trigger": "minecraft:inventory_changed"
    },
    "has_the_recipe": {
      "conditions": {
        "recipe": "opie:crafting_shapeless/light_gray_wool_from_light_gray_carpet"
      },
      "trigger": "minecraft:recipe_unlocked"
    }
  },
  "requirements": [
    [
      "has_light_gray_carpet",
      "has_the_recipe"
    ]
  ],
  "rewards": {
    "recipes": [
      "opie:crafting_shapeless/light_gray_wool_from_light_gray_carpet"
    ]
  }
}