{
    "parent": "minecraft:recipes/root",
    "criteria": {
        "has_the_recipe": {
            "conditions": {
                "recipe": "opie:bundle"
            },
            "trigger": "minecraft:recipe_unlocked"
        },
        "has_wool": {
            "conditions": {
                "items": [
                    {
                        "tag": "minecraft:wool"
                    }
                ]
            },
            "trigger": "minecraft:inventory_changed"
        }
    },
    "requirements": [
        [
            "has_wool",
            "has_the_recipe"
        ]
    ],
    "rewards": {
        "recipes": [
            "opie:bundle"
        ]
    }
}
