{
    "parent": "minecraft:recipes/root",
    "criteria": {
        "has_dirt": {
            "conditions": {
                "items": [
                    {
                        "items": [
                            "minecraft:dirt"
                        ]
                    }
                ]
            },
            "trigger": "minecraft:inventory_changed"
        },
        "has_the_recipe": {
            "conditions": {
                "recipe": "opie:mud"
            },
            "trigger": "minecraft:recipe_unlocked"
        }
    },
    "requirements": [
        [
            "has_dirt",
            "has_the_recipe"
        ]
    ],
    "rewards": {
        "recipes": [
            "opie:mud"
        ]
    }
}
