{
  "parent": "minecraft:recipes/root",
  "criteria": {
    "has_diamond": {
      "conditions": {
        "items": [
          {
            "items": [
              "minecraft:diamond"
            ]
          }
        ]
      },
      "trigger": "minecraft:inventory_changed"
    },
    "has_netherrack": {
      "conditions": {
        "items": [
          {
            "items": [
              "minecraft:netherrack"
            ]
          }
        ]
      },
      "trigger": "minecraft:inventory_changed"
    },
    "has_the_recipe": {
      "conditions": {
        "recipe": "opie:netherite_upgrade_smithing_template"
      },
      "trigger": "minecraft:recipe_unlocked"
    }
  },
  "requirements": [
    [
      "has_diamond",
      "has_netherrack",
      "has_the_recipe"
    ]
  ],
  "rewards": {
    "recipes": [
      "opie:netherite_upgrade_smithing_template"
    ]
  }
}

