{
    "parent": "minecraft:recipes/root",
    "criteria": {
        "has_leather": {
            "conditions": {
                "items": [
                    {
                        "items": [
                            "minecraft:leather"
                        ]
                    }
                ]
            },
            "trigger": "minecraft:inventory_changed"
        },
        "has_iron_ingot": {
            "conditions": {
                "items": [
                    {
                        "items": [
                            "minecraft:iron_ingot"
                        ]
                    }
                ]
            },
            "trigger": "minecraft:inventory_changed"
        },
        "has_the_recipe": {
            "conditions": {
                "recipe": "opie:saddle"
            },
            "trigger": "minecraft:recipe_unlocked"
        }
    },
    "requirements": [
        [
            "has_leather",
            "has_iron_ingot",
            "has_the_recipe"
        ]
    ],
    "rewards": {
        "recipes": [
            "opie:saddle"
        ]
    }
}
