{
  "parent": "minecraft:recipes/root",
  "criteria": {
    "has_sugar_cane": {
      "conditions": {
        "items": [
          {
            "items": [
              "minecraft:sugar_cane"
            ]
          }
        ]
      },
      "trigger": "minecraft:inventory_changed"
    },
    "has_yellow_dye": {
      "conditions": {
        "items": [
          {
            "items": [
              "minecraft:yellow_dye"
            ]
          }
        ]
      },
      "trigger": "minecraft:inventory_changed"
    },
    "has_the_recipe": {
      "conditions": {
        "recipe": "opie:sponge"
      },
      "trigger": "minecraft:recipe_unlocked"
    }
  },
  "requirements": [
    [
      "has_sugar_cane",
      "has_yellow_dye",
      "has_the_recipe"
    ]
  ],
  "rewards": {
    "recipes": [
      "opie:sponge"
    ]
  }
}
