{
    "parent": "minecraft:recipes/root",
    "criteria": {
        "has_ender_pearl": {
            "conditions": {
                "items": [
                    {
                        "items": [
                            "minecraft:ender_pearl"
                        ]
                    }
                ]
            },
            "trigger": "minecraft:inventory_changed"
        },
        "has_diamond_sword": {
            "conditions": {
                "items": [
                    {
                        "items": [
                            "minecraft:diamond_sword"
                        ]
                    }
                ]
            },
            "trigger": "minecraft:inventory_changed"
        },
        "has_the_recipe": {
            "conditions": {
                "recipe": "opie:trident"
            },
            "trigger": "minecraft:recipe_unlocked"
        }
    },
    "requirements": [
        [
            "has_ender_pearl",
            "has_diamond_sword",
            "has_the_recipe"
        ]
    ],
    "rewards": {
        "recipes": [
            "opie:trident"
        ]
    }
}
