{
    "parent": "minecraft:recipes/root",
    "criteria": {
        "has_rotten_flesh": {
            "conditions": {
                "items": [
                    {
                        "items": [
                            "minecraft:rotten_flesh"
                        ]
                    }
                ]
            },
            "trigger": "minecraft:inventory_changed"
        },
        "has_cyan_dye": {
            "conditions": {
                "items": [
                    {
                        "items": [
                            "minecraft:cyan_dye"
                        ]
                    }
                ]
            },
            "trigger": "minecraft:inventory_changed"
        },
        "has_the_recipe": {
            "conditions": {
                "recipe": "opie:zombie_spawn_egg"
            },
            "trigger": "minecraft:recipe_unlocked"
        }
    },
    "requirements": [
        [
            "has_rotten_flesh",
            "has_cyan_dye",
            "has_the_recipe"
        ]
    ],
    "rewards": {
        "recipes": [
            "opie:zombie_spawn_egg"
        ]
    }
}
