{
  "parent": "minecraft:recipes/root",
  "criteria": {
    "has_blaze_powder": {
      "conditions": {
        "items": [
          {
            "items": [
              "minecraft:blaze_powder"
            ]
          }
        ]
      },
      "trigger": "minecraft:inventory_changed"
    },
    "has_the_recipe": {
      "conditions": {
        "recipe": "opie:blaze_spawn_egg"
      },
      "trigger": "minecraft:recipe_unlocked"
    }
  },
  "requirements": [
    [
      "has_blaze_powder",
      "has_the_recipe"
    ]
  ],
  "rewards": {
    "recipes": [
      "opie:blaze_spawn_egg"
    ]
  }
}
