{
  "parent": "minecraft:recipes/root",
  "criteria": {
    "has_calcite": {
      "conditions": {
        "items": [
          {
            "items": [
              "minecraft:calcite"
            ]
          }
        ]
      },
      "trigger": "minecraft:inventory_changed"
    },
    "has_charcoal": {
      "conditions": {
        "items": [
          {
            "items": [
              "minecraft:charcoal"
            ]
          }
        ]
      },
      "trigger": "minecraft:inventory_changed"
    },
    "has_the_recipe": {
      "conditions": {
        "recipe": "opie:gunpowder"
      },
      "trigger": "minecraft:recipe_unlocked"
    }
  },
  "requirements": [
    [
      "has_calcite",
      "has_charcoal",
      "has_the_recipe"
    ]
  ],
  "rewards": {
    "recipes": [
      "opie:gunpowder"
    ]
  }
}
