{
  "parent": "minecraft:recipes/root",
  "criteria": {
    "has_arrow": {
      "conditions": {
        "items": [
          {
            "items": [
              "minecraft:arrow"
            ]
          }
        ]
      },
      "trigger": "minecraft:inventory_changed"
    },
    "has_quartz": {
      "conditions": {
        "items": [
          {
            "items": [
              "minecraft:quartz"
            ]
          }
        ]
      },
      "trigger": "minecraft:inventory_changed"
    },
    "has_the_recipe": {
      "conditions": {
        "recipe": "opie:skeleton_spawn_egg"
      },
      "trigger": "minecraft:recipe_unlocked"
    }
  },
  "requirements": [
    [
      "has_arrow",
      "has_quartz",
      "has_the_recipe"
    ]
  ],
  "rewards": {
    "recipes": [
      "opie:skeleton_spawn_egg"
    ]
  }
}
