{
    "type": "minecraft:crafting_shaped",
    "pattern": [
        " # ",
        "BEA",
        " Q "
    ],
    "key": {
        "#": {
            "item": "minecraft:coal"
        },
        "B": {
            "item": "minecraft:bone"
        },
        "E": {
            "item": "minecraft:egg"
        },
        "A": {
            "item": "minecraft:arrow"
        },
        "Q": {
            "item": "minecraft:quartz"
        }
    },
    "result": {
        "id": "minecraft:skeleton_spawn_egg",
        "count": 1
    }
}
