{
    "type": "minecraft:crafting_shaped",
    "pattern": [
        " # ",
        "BEG",
        " Y "
    ],
    "key": {
        "#": {
            "item": "minecraft:lime_dye"
        },
        "B": {
            "item": "minecraft:blaze_powder"
        },
        "E": {
            "item": "minecraft:egg"
        },
        "G": {
            "item": "minecraft:gold_nugget"
        },
        "Y": {
            "item": "minecraft:yellow_dye"
        }
    },
    "result": {
        "item": "minecraft:blaze_spawn_egg",
        "count": 1
    }
}
