{
    "type": "minecraft:crafting_shaped",
    "pattern": [
        " # ",
        "SEP",
        " B "
    ],
    "key": {
        "#": {
            "item": "minecraft:red_dye"
        },
        "S": {
            "item": "minecraft:spider_eye"
        },
        "E": {
            "item": "minecraft:egg"
        },
        "P": {
            "item": "minecraft:string"
        },
        "B": {
            "item": "minecraft:black_dye"
        }
    },
    "result": {
        "item": "minecraft:spider_spawn_egg",
        "count": 1
    }
}
